"PointID","x","y","Density","Momentum_x","Momentum_y","Energy"
0, 9.990134239000000e-01, -3.139526010000000e-02, 2.091894503683783e-05, 0.000000000000000e+00, 0.000000000000000e+00, 4.332382496370252e+00
1, 9.977809787000000e-01, -4.705416770000000e-02, 2.091869004088495e-05, 0.000000000000000e+00, 0.000000000000000e+00, 4.332328545331517e+00
2, 9.960572720000000e-01, -6.266664700000001e-02, 2.091833701949404e-05, 0.000000000000000e+00, 0.000000000000000e+00, 4.332253852322064e+00
3, 9.938442111000000e-01, -7.821735730000000e-02, 2.091788978912728e-05, 0.000000000000000e+00, 0.000000000000000e+00, 4.332159232140066e+00
4, 9.911435843000000e-01, -9.369102860000000e-02, 2.091735280102692e-05, 0.000000000000000e+00, 0.000000000000000e+00, 4.332045635341036e+00
5, 9.879583716000000e-01, -1.090725063000000e-01, 2.091673118934835e-05, 0.000000000000000e+00, 0.000000000000000e+00, 4.331914156342033e+00
6, 9.842916131000000e-01, -1.243468820000000e-01, 2.091603032077074e-05, 0.000000000000000e+00, 0.000000000000000e+00, 4.331765937945644e+00
7, 9.801468253000000e-01, -1.394995152000000e-01, 2.091525619249139e-05, 0.000000000000000e+00, 0.000000000000000e+00, 4.331602251491483e+00
8, 9.755281806000000e-01, -1.545156537000000e-01, 2.091441476811492e-05, 0.000000000000000e+00, 0.000000000000000e+00, 4.331424357040939e+00
9, 9.704403877000000e-01, -1.693812161000000e-01, 2.091351175187002e-05, 0.000000000000000e+00, 0.000000000000000e+00, 4.331233454093963e+00
10, 9.648882151000000e-01, -1.840820610000000e-01, 2.091255256991600e-05, 0.000000000000000e+00, 0.000000000000000e+00, 4.331030675641309e+00
11, 9.588773251000000e-01, -1.986043303000000e-01, 2.091154186745990e-05, 0.000000000000000e+00, 0.000000000000000e+00, 4.330816982022156e+00
12, 9.524134994000000e-01, -2.129344939000000e-01, 2.091048335602589e-05, 0.000000000000000e+00, 0.000000000000000e+00, 4.330593127707417e+00
13, 9.455031753000001e-01, -2.270589768000000e-01, 2.090937918459964e-05, 0.000000000000000e+00, 0.000000000000000e+00, 4.330359530186968e+00
14, 9.381533265000001e-01, -2.409642785000000e-01, 2.090823067919664e-05, 0.000000000000000e+00, 0.000000000000000e+00, 4.330116422401038e+00
15, 9.303709865000001e-01, -2.546369432000000e-01, 2.090703897690500e-05, 0.000000000000000e+00, 0.000000000000000e+00, 4.329863983707461e+00
16, 9.221640229000000e-01, -2.680633067000000e-01, 2.090580438022108e-05, 0.000000000000000e+00, 0.000000000000000e+00, 4.329602206562748e+00
17, 9.135403036999999e-01, -2.812297045000000e-01, 2.090452644736959e-05, 0.000000000000000e+00, 0.000000000000000e+00, 4.329330915898737e+00
18, 9.045084715000000e-01, -2.941222190000000e-01, 2.090320430942709e-05, 0.000000000000000e+00, 0.000000000000000e+00, 4.329049836583955e+00
19, 8.950775266000000e-01, -3.067269920000000e-01, 2.090183578091470e-05, 0.000000000000000e+00, 0.000000000000000e+00, 4.328758411114061e+00
20, 8.852565885000000e-01, -3.190300166000000e-01, 2.090041869946931e-05, 0.000000000000000e+00, 0.000000000000000e+00, 4.328456079778921e+00
21, 8.750556111000000e-01, -3.310172557000000e-01, 2.089895051311599e-05, 0.000000000000000e+00, 0.000000000000000e+00, 4.328142198531335e+00
22, 8.644843102000001e-01, -3.426751493000000e-01, 2.089742789465283e-05, 0.000000000000000e+00, 0.000000000000000e+00, 4.327815961995399e+00
23, 8.535534143000000e-01, -3.539901673000000e-01, 2.089584768958666e-05, 0.000000000000000e+00, 0.000000000000000e+00, 4.327476604372640e+00
24, 8.422734737000001e-01, -3.649495541000000e-01, 2.089420580828678e-05, 0.000000000000000e+00, 0.000000000000000e+00, 4.327123173277267e+00
25, 8.306558728000000e-01, -3.755412399000000e-01, 2.089250061153112e-05, 0.000000000000000e+00, 0.000000000000000e+00, 4.326755235744462e+00
26, 8.187119961000000e-01, -3.857539593000000e-01, 2.089073302523128e-05, 0.000000000000000e+00, 0.000000000000000e+00, 4.326372905429468e+00
27, 8.064535260000000e-01, -3.955772220000000e-01, 2.088890492201694e-05, 0.000000000000000e+00, 0.000000000000000e+00, 4.325976511427180e+00
28, 7.938926220000000e-01, -4.050014316000000e-01, 2.088701913425193e-05, 0.000000000000000e+00, 0.000000000000000e+00, 4.325566604572396e+00
29, 7.810416818000000e-01, -4.140179752000000e-01, 2.088507810779032e-05, 0.000000000000000e+00, 0.000000000000000e+00, 4.325143681587889e+00
30, 7.679134010999999e-01, -4.226189255000000e-01, 2.088308714903484e-05, 0.000000000000000e+00, 0.000000000000000e+00, 4.324708860747736e+00
31, 7.545207143000000e-01, -4.307970404000000e-01, 2.088105237337788e-05, 0.000000000000000e+00, 0.000000000000000e+00, 4.324263459331750e+00
32, 7.408769131000000e-01, -4.385458826000000e-01, 2.087898278675342e-05, 0.000000000000000e+00, 0.000000000000000e+00, 4.323809426549701e+00
33, 7.269952297000000e-01, -4.458593427000000e-01, 2.087688852297887e-05, 0.000000000000000e+00, 0.000000000000000e+00, 4.323348979814178e+00
34, 7.128896713000000e-01, -4.527314900000000e-01, 2.087478053804300e-05, 0.000000000000000e+00, 0.000000000000000e+00, 4.322884543774251e+00
35, 6.985738873000000e-01, -4.591571092000000e-01, 2.087267275554660e-05, 0.000000000000000e+00, 0.000000000000000e+00, 4.322419192712976e+00
36, 6.840623021000000e-01, -4.651308655000000e-01, 2.087058102667275e-05, 0.000000000000000e+00, 0.000000000000000e+00, 4.321956436888950e+00
37, 6.693689823000000e-01, -4.706479310000000e-01, 2.086852311440327e-05, 0.000000000000000e+00, 0.000000000000000e+00, 4.321500216642447e+00
38, 6.545084715000000e-01, -4.757033884000000e-01, 2.086651741985822e-05, 0.000000000000000e+00, 0.000000000000000e+00, 4.321054638080285e+00
39, 6.394956112000000e-01, -4.802926480000000e-01, 2.086458118934732e-05, 0.000000000000000e+00, 0.000000000000000e+00, 4.320623601691233e+00
40, 6.243448853000000e-01, -4.844113587000000e-01, 2.086273652981381e-05, 0.000000000000000e+00, 0.000000000000000e+00, 4.320212044413585e+00
41, 6.090716124000000e-01, -4.880555569000000e-01, 2.086100677417084e-05, 0.000000000000000e+00, 0.000000000000000e+00, 4.319825183673037e+00
42, 5.936905742000000e-01, -4.912214576000000e-01, 2.085941650796724e-05, 0.000000000000000e+00, 0.000000000000000e+00, 4.319468517301192e+00
43, 5.782172084000000e-01, -4.939058422000000e-01, 2.085799618947518e-05, 0.000000000000000e+00, 0.000000000000000e+00, 4.319148778752565e+00
44, 5.626665950000000e-01, -4.961056112000000e-01, 2.085677381301622e-05, 0.000000000000000e+00, 0.000000000000000e+00, 4.318872206141230e+00
45, 5.470541716000000e-01, -4.978182613000000e-01, 2.085577707650400e-05, 0.000000000000000e+00, 0.000000000000000e+00, 4.318644984830884e+00
46, 5.313953161000000e-01, -4.990418552000000e-01, 2.085503699624950e-05, 0.000000000000000e+00, 0.000000000000000e+00, 4.318473986464327e+00
47, 5.157054067000000e-01, -4.997747837000000e-01, 2.085458039323798e-05, 0.000000000000000e+00, 0.000000000000000e+00, 4.318365209575983e+00
48, 5.000000000000000e-01, -5.000160335000000e-01, 2.085443432074675e-05, 0.000000000000000e+00, 0.000000000000000e+00, 4.318324692858481e+00
49, 4.842945933000000e-01, -4.997651278000000e-01, 2.085461980535265e-05, 0.000000000000000e+00, 0.000000000000000e+00, 4.318357218590609e+00
50, 4.686047137000000e-01, -4.990220367000000e-01, 2.085516298123409e-05, 0.000000000000000e+00, 0.000000000000000e+00, 4.318468615393554e+00
51, 4.529457986000000e-01, -4.977872371000000e-01, 2.085609310732530e-05, 0.000000000000000e+00, 0.000000000000000e+00, 4.318665339381127e+00
52, 4.373334050000000e-01, -4.960618316000000e-01, 2.085743625704357e-05, 0.000000000000000e+00, 0.000000000000000e+00, 4.318953158404018e+00
53, 4.217827916000000e-01, -4.938473402000000e-01, 2.085921673609416e-05, 0.000000000000000e+00, 0.000000000000000e+00, 4.319337432257538e+00
54, 4.063093066000000e-01, -4.911457895000000e-01, 2.086144735565921e-05, 0.000000000000000e+00, 0.000000000000000e+00, 4.319821097968992e+00
55, 3.909283876000000e-01, -4.879598915000000e-01, 2.086414243320455e-05, 0.000000000000000e+00, 0.000000000000000e+00, 4.320407357609191e+00
56, 3.756551147000000e-01, -4.842926263000000e-01, 2.086731331365088e-05, 0.000000000000000e+00, 0.000000000000000e+00, 4.321098750016447e+00
57, 3.605043888000000e-01, -4.801476001000000e-01, 2.087097291058182e-05, 0.000000000000000e+00, 0.000000000000000e+00, 4.321898103487183e+00
58, 3.454914987000000e-01, -4.755287467000000e-01, 2.087512869815178e-05, 0.000000000000000e+00, 0.000000000000000e+00, 4.322807091157501e+00
59, 3.306309879000000e-01, -4.704406856000000e-01, 2.087978854821928e-05, 0.000000000000000e+00, 0.000000000000000e+00, 4.323827419966855e+00
60, 3.159376979000000e-01, -4.648883640000000e-01, 2.088495084403026e-05, 0.000000000000000e+00, 0.000000000000000e+00, 4.324958751769294e+00
61, 3.014261127000000e-01, -4.588774144000000e-01, 2.089060771073381e-05, 0.000000000000000e+00, 0.000000000000000e+00, 4.326199367562295e+00
62, 2.871103883000000e-01, -4.524135589000000e-01, 2.089675021740053e-05, 0.000000000000000e+00, 0.000000000000000e+00, 4.327547266097654e+00
63, 2.730047107000000e-01, -4.455033242000000e-01, 2.090336321523305e-05, 0.000000000000000e+00, 0.000000000000000e+00, 4.328999131134544e+00
64, 2.591232061000000e-01, -4.381533264000000e-01, 2.091043510435711e-05, 0.000000000000000e+00, 0.000000000000000e+00, 4.330552357530837e+00
65, 2.454793006000000e-01, -4.303710162000000e-01, 2.091794601310388e-05, 0.000000000000000e+00, 0.000000000000000e+00, 4.332202556400138e+00
66, 2.320865989000000e-01, -4.221639930000000e-01, 2.092586989471935e-05, 0.000000000000000e+00, 0.000000000000000e+00, 4.333943990003930e+00
67, 2.189583033000000e-01, -4.135403036000000e-01, 2.093418044392653e-05, 0.000000000000000e+00, 0.000000000000000e+00, 4.335770837834738e+00
68, 2.061073929000000e-01, -4.045085012000000e-01, 2.094284658342478e-05, 0.000000000000000e+00, 0.000000000000000e+00, 4.337676282967156e+00
69, 1.935465038000000e-01, -3.950774967000000e-01, 2.095184101812051e-05, 0.000000000000000e+00, 0.000000000000000e+00, 4.339654240563599e+00
70, 1.812880039000000e-01, -3.852565884000000e-01, 2.096112668065104e-05, 0.000000000000000e+00, 0.000000000000000e+00, 4.341696518692997e+00
71, 1.693440974000000e-01, -3.750554918000000e-01, 2.097066326062498e-05, 0.000000000000000e+00, 0.000000000000000e+00, 4.343794208176068e+00
72, 1.577264965000000e-01, -3.644843100000000e-01, 2.098041061977253e-05, 0.000000000000000e+00, 0.000000000000000e+00, 4.345938425133307e+00
73, 1.464466006000000e-01, -3.535534142000000e-01, 2.099032190209727e-05, 0.000000000000000e+00, 0.000000000000000e+00, 4.348118898149080e+00
74, 1.355157048000000e-01, -3.422735928000000e-01, 2.100035632366065e-05, 0.000000000000000e+00, 0.000000000000000e+00, 4.350326603548872e+00
75, 1.249445006000000e-01, -3.306559025000000e-01, 2.101046707142720e-05, 0.000000000000000e+00, 0.000000000000000e+00, 4.352551244738172e+00
76, 1.147433966000000e-01, -3.187119960000000e-01, 2.102060724146147e-05, 0.000000000000000e+00, 0.000000000000000e+00, 4.354782481680882e+00
77, 1.049225032000000e-01, -3.064534961000000e-01, 2.103072962645486e-05, 0.000000000000000e+00, 0.000000000000000e+00, 4.357009897243506e+00
78, 9.549151359999999e-02, -2.938925921000000e-01, 2.104078170763477e-05, 0.000000000000000e+00, 0.000000000000000e+00, 4.359221971098538e+00
79, 8.645971120000000e-02, -2.810417115000000e-01, 2.105071973365121e-05, 0.000000000000000e+00, 0.000000000000000e+00, 4.361409005884489e+00
80, 7.783603670000000e-02, -2.679134010000000e-01, 2.106049482229450e-05, 0.000000000000000e+00, 0.000000000000000e+00, 4.363560243439798e+00
81, 6.962897630000001e-02, -2.545207142000000e-01, 2.107005946507631e-05, 0.000000000000000e+00, 0.000000000000000e+00, 4.365665211211589e+00
82, 6.184665860000000e-02, -2.408767938000000e-01, 2.107936663249392e-05, 0.000000000000000e+00, 0.000000000000000e+00, 4.367713541634878e+00
83, 5.449673910000000e-02, -2.269951998000000e-01, 2.108836652208255e-05, 0.000000000000000e+00, 0.000000000000000e+00, 4.369694308680509e+00
84, 4.758647080000000e-02, -2.128895967000000e-01, 2.109701823746531e-05, 0.000000000000000e+00, 0.000000000000000e+00, 4.371598457507633e+00
85, 4.112268980000000e-02, -1.985739021000000e-01, 2.110527726990496e-05, 0.000000000000000e+00, 0.000000000000000e+00, 4.373416208244560e+00
86, 3.511175890000000e-02, -1.840623020000000e-01, 2.111310213569512e-05, 0.000000000000000e+00, 0.000000000000000e+00, 4.375138432458854e+00
87, 2.955961970000000e-02, -1.693689971000000e-01, 2.112045250841742e-05, 0.000000000000000e+00, 0.000000000000000e+00, 4.376756267526275e+00
88, 2.447173930000000e-02, -1.545085012000000e-01, 2.112729287949323e-05, 0.000000000000000e+00, 0.000000000000000e+00, 4.378261876020931e+00
89, 1.985315980000000e-02, -1.394955962000000e-01, 2.113358940866752e-05, 0.000000000000000e+00, 0.000000000000000e+00, 4.379647796999334e+00
90, 1.570842040000000e-02, -1.243449001000000e-01, 2.113931101502788e-05, 0.000000000000000e+00, 0.000000000000000e+00, 4.380907180637555e+00
91, 1.204162000000000e-02, -1.090715974000000e-01, 2.114442859100718e-05, 0.000000000000000e+00, 0.000000000000000e+00, 4.382033620412284e+00
92, 8.856374800000000e-03, -9.369066349999999e-02, 2.114891545706947e-05, 0.000000000000000e+00, 0.000000000000000e+00, 4.383021252963352e+00
93, 6.155829900000000e-03, -7.821723060000001e-02, 2.115274992810245e-05, 0.000000000000000e+00, 0.000000000000000e+00, 4.383865293679305e+00
94, 3.942648900000000e-03, -6.266661720000000e-02, 2.115591277078354e-05, 0.000000000000000e+00, 0.000000000000000e+00, 4.384561509004688e+00
95, 2.219018100000000e-03, -4.705416030000000e-02, 2.115838880297917e-05, 0.000000000000000e+00, 0.000000000000000e+00, 4.385106548176721e+00
96, 9.866359999999999e-04, -3.139526010000000e-02, 2.116016594187858e-05, 0.000000000000000e+00, 0.000000000000000e+00, 4.385497746383322e+00
97, 2.467200000000000e-04, -1.570538050000000e-02, 2.116123611797631e-05, 0.000000000000000e+00, 0.000000000000000e+00, 4.385733321726107e+00
98, 0.000000000000000e+00, 1.000000000000000e-10, 2.116159530162398e-05, 0.000000000000000e+00, 0.000000000000000e+00, 4.385812373731808e+00
99, 2.467200000000000e-04, 1.570538070000000e-02, 2.116124087800884e-05, 0.000000000000000e+00, 0.000000000000000e+00, 4.385734336257167e+00
100, 9.866359999999999e-04, 3.139526030000000e-02, 2.116017351315487e-05, 0.000000000000000e+00, 0.000000000000000e+00, 4.385499367643052e+00
101, 2.219018100000000e-03, 4.705416050000000e-02, 2.115839678230353e-05, 0.000000000000000e+00, 0.000000000000000e+00, 4.385108272139946e+00
102, 3.942648900000000e-03, 6.266661740000000e-02, 2.115591954690455e-05, 0.000000000000000e+00, 0.000000000000000e+00, 4.384562996159748e+00
103, 6.155829900000000e-03, 7.821723080000000e-02, 2.115275483540411e-05, 0.000000000000000e+00, 0.000000000000000e+00, 4.383866402750129e+00
104, 8.856374800000000e-03, 9.369066370000000e-02, 2.114891830734315e-05, 0.000000000000000e+00, 0.000000000000000e+00, 4.383021944848308e+00
105, 1.204162000000000e-02, 1.090715976000000e-01, 2.114442913986534e-05, 0.000000000000000e+00, 0.000000000000000e+00, 4.382033847722412e+00
106, 1.570842040000000e-02, 1.243449004000000e-01, 2.113930861361397e-05, 0.000000000000000e+00, 0.000000000000000e+00, 4.380906814725987e+00
107, 1.985315980000000e-02, 1.394955964000000e-01, 2.113358297807428e-05, 0.000000000000000e+00, 0.000000000000000e+00, 4.379646620761748e+00
108, 2.447173930000000e-02, 1.545085014000000e-01, 2.112728135761427e-05, 0.000000000000000e+00, 0.000000000000000e+00, 4.378259673533139e+00
109, 2.955961970000000e-02, 1.693689973000000e-01, 2.112043569006061e-05, 0.000000000000000e+00, 0.000000000000000e+00, 4.376752995398348e+00
110, 3.511175890000000e-02, 1.840623022000000e-01, 2.111308129756455e-05, 0.000000000000000e+00, 0.000000000000000e+00, 4.375134349261573e+00
111, 4.112268980000000e-02, 1.985739023000000e-01, 2.110525512223857e-05, 0.000000000000000e+00, 0.000000000000000e+00, 4.373411868937215e+00
112, 4.758647080000000e-02, 2.128895969000000e-01, 2.109699807858949e-05, 0.000000000000000e+00, 0.000000000000000e+00, 4.371594545472006e+00
113, 5.449673910000000e-02, 2.269952000000000e-01, 2.108835086190859e-05, 0.000000000000000e+00, 0.000000000000000e+00, 4.369691355424814e+00
114, 6.184665860000000e-02, 2.408767940000000e-01, 2.107935682612541e-05, 0.000000000000000e+00, 0.000000000000000e+00, 4.367711849510181e+00
115, 6.962897630000001e-02, 2.545207144000000e-01, 2.107005595843625e-05, 0.000000000000000e+00, 0.000000000000000e+00, 4.365664896603398e+00
116, 7.783603670000000e-02, 2.679134012000000e-01, 2.106049752336899e-05, 0.000000000000000e+00, 0.000000000000000e+00, 4.363561304598240e+00
117, 8.645971120000000e-02, 2.810417117000000e-01, 2.105072820872664e-05, 0.000000000000000e+00, 0.000000000000000e+00, 4.361411360513917e+00
118, 9.549151359999999e-02, 2.938925923000000e-01, 2.104079503068012e-05, 0.000000000000000e+00, 0.000000000000000e+00, 4.359225430022714e+00
119, 1.049225032000000e-01, 3.064534963000000e-01, 2.103074678789674e-05, 0.000000000000000e+00, 0.000000000000000e+00, 4.357014255782049e+00
120, 1.147433966000000e-01, 3.187119962000000e-01, 2.102062772359109e-05, 0.000000000000000e+00, 0.000000000000000e+00, 4.354787639749928e+00
121, 1.249445006000000e-01, 3.306559027000000e-01, 2.101049057136341e-05, 0.000000000000000e+00, 0.000000000000000e+00, 4.352557144373518e+00
122, 1.355157048000000e-01, 3.422735930000000e-01, 2.100038232416684e-05, 0.000000000000000e+00, 0.000000000000000e+00, 4.350333137423116e+00
123, 1.464466006000000e-01, 3.535534144000000e-01, 2.099034903962559e-05, 0.000000000000000e+00, 0.000000000000000e+00, 4.348125784121635e+00
124, 1.577264965000000e-01, 3.644843102000000e-01, 2.098043722574630e-05, 0.000000000000000e+00, 0.000000000000000e+00, 4.345945326415228e+00
125, 1.693440974000000e-01, 3.750554920000000e-01, 2.097068850674325e-05, 0.000000000000000e+00, 0.000000000000000e+00, 4.343800971689776e+00
126, 1.812880039000000e-01, 3.852565886000000e-01, 2.096115060456928e-05, 0.000000000000000e+00, 0.000000000000000e+00, 4.341703171871566e+00
127, 1.935465038000000e-01, 3.950774969000000e-01, 2.095186375692236e-05, 0.000000000000000e+00, 0.000000000000000e+00, 4.339660822644356e+00
128, 2.061073929000000e-01, 4.045085014000000e-01, 2.094286751361587e-05, 0.000000000000000e+00, 0.000000000000000e+00, 4.337682664490385e+00
129, 2.189583033000000e-01, 4.135403038000000e-01, 2.093419817090944e-05, 0.000000000000000e+00, 0.000000000000000e+00, 4.335776722504380e+00
130, 2.320865989000000e-01, 4.221639932000000e-01, 2.092588358803544e-05, 0.000000000000000e+00, 0.000000000000000e+00, 4.333949191567964e+00
131, 2.454793006000000e-01, 4.303709866000000e-01, 2.091795664994370e-05, 0.000000000000000e+00, 0.000000000000000e+00, 4.332207246120309e+00
132, 2.591232061000000e-01, 4.381532968000000e-01, 2.091044270436095e-05, 0.000000000000000e+00, 0.000000000000000e+00, 4.330556482575784e+00
133, 2.730047107000000e-01, 4.455032946000000e-01, 2.090336699188643e-05, 0.000000000000000e+00, 0.000000000000000e+00, 4.329002466662093e+00
134, 2.871103883000000e-01, 4.524134995000000e-01, 2.089675186391076e-05, 0.000000000000000e+00, 0.000000000000000e+00, 4.327550128353487e+00
135, 3.014261127000000e-01, 4.588772954000000e-01, 2.089061002174128e-05, 0.000000000000000e+00, 0.000000000000000e+00, 4.326202322251111e+00
136, 3.159376979000000e-01, 4.648881854000000e-01, 2.088495536834121e-05, 0.000000000000000e+00, 0.000000000000000e+00, 4.324962095343301e+00
137, 3.306309879000000e-01, 4.704403878000000e-01, 2.087979430389999e-05, 0.000000000000000e+00, 0.000000000000000e+00, 4.323830902522587e+00
138, 3.454914987000000e-01, 4.755282999000000e-01, 2.087513338225246e-05, 0.000000000000000e+00, 0.000000000000000e+00, 4.322810178931946e+00
139, 3.605043888000000e-01, 4.801469148000000e-01, 2.087097473205752e-05, 0.000000000000000e+00, 0.000000000000000e+00, 4.321900375191166e+00
140, 3.756551147000000e-01, 4.842916132000000e-01, 2.086731181205786e-05, 0.000000000000000e+00, 0.000000000000000e+00, 4.321100075304782e+00
141, 3.909283876000000e-01, 4.879584015000000e-01, 2.086413840146877e-05, 0.000000000000000e+00, 0.000000000000000e+00, 4.320407883433246e+00
142, 4.063093066000000e-01, 4.911436142000000e-01, 2.086144281463259e-05, 0.000000000000000e+00, 0.000000000000000e+00, 4.319821240959493e+00
143, 4.217827916000000e-01, 4.938442112000000e-01, 2.085921446829248e-05, 0.000000000000000e+00, 0.000000000000000e+00, 4.319337776714513e+00
144, 4.373334050000000e-01, 4.960573913000000e-01, 2.085743784145299e-05, 0.000000000000000e+00, 0.000000000000000e+00, 4.318954041150030e+00
145, 4.529457986000000e-01, 4.977810086000000e-01, 2.085609635971209e-05, 0.000000000000000e+00, 0.000000000000000e+00, 4.318666313172876e+00
146, 4.686047137000000e-01, 4.990133942000000e-01, 2.085516352637925e-05, 0.000000000000000e+00, 0.000000000000000e+00, 4.318468779215160e+00
147, 4.842945933000000e-01, 4.997532965000000e-01, 2.085461643940772e-05, 0.000000000000000e+00, 0.000000000000000e+00, 4.318356341731786e+00
148, 5.000000000000000e-01, 5.000000001000000e-01, 2.085443218784089e-05, 0.000000000000000e+00, 0.000000000000000e+00, 4.318323878757109e+00
149, 5.157054067000000e-01, 4.997532965000000e-01, 2.085458546982223e-05, 0.000000000000000e+00, 0.000000000000000e+00, 4.318365744553919e+00
150, 5.313953161000000e-01, 4.990133942000000e-01, 2.085505017094435e-05, 0.000000000000000e+00, 0.000000000000000e+00, 4.318476099206392e+00
151, 5.470541716000000e-01, 4.977810086000000e-01, 2.085579430940752e-05, 0.000000000000000e+00, 0.000000000000000e+00, 4.318647872390175e+00
152, 5.626665950000000e-01, 4.960573913000000e-01, 2.085679023960622e-05, 0.000000000000000e+00, 0.000000000000000e+00, 4.318874886132165e+00
153, 5.782172084000000e-01, 4.938442112000000e-01, 2.085801094572725e-05, 0.000000000000000e+00, 0.000000000000000e+00, 4.319151095698366e+00
154, 5.936905742000000e-01, 4.911436142000000e-01, 2.085942911356575e-05, 0.000000000000000e+00, 0.000000000000000e+00, 4.319470397857789e+00
155, 6.090716124000000e-01, 4.879584015000000e-01, 2.086101741542128e-05, 0.000000000000000e+00, 0.000000000000000e+00, 4.319826692163720e+00
156, 6.243448853000000e-01, 4.842916132000000e-01, 2.086274626262931e-05, 0.000000000000000e+00, 0.000000000000000e+00, 4.320213419484961e+00
157, 6.394956112000000e-01, 4.801469148000000e-01, 2.086459081662095e-05, 0.000000000000000e+00, 0.000000000000000e+00, 4.320625021241352e+00
158, 6.545084715000000e-01, 4.755282999000000e-01, 2.086652967766985e-05, 0.000000000000000e+00, 0.000000000000000e+00, 4.321056674277898e+00
159, 6.693689823000000e-01, 4.704403878000000e-01, 2.086854106771180e-05, 0.000000000000000e+00, 0.000000000000000e+00, 4.321503506571540e+00
160, 6.840623021000000e-01, 4.648881854000000e-01, 2.087060548549208e-05, 0.000000000000000e+00, 0.000000000000000e+00, 4.321961147072193e+00
161, 6.985738873000000e-01, 4.588772954000000e-01, 2.087270351041725e-05, 0.000000000000000e+00, 0.000000000000000e+00, 4.322425273590406e+00
162, 7.128896713000000e-01, 4.524134995000000e-01, 2.087481706763988e-05, 0.000000000000000e+00, 0.000000000000000e+00, 4.322891876764114e+00
163, 7.269952297000000e-01, 4.455032946000000e-01, 2.087693041222491e-05, 0.000000000000000e+00, 0.000000000000000e+00, 4.323357464946353e+00
164, 7.408769131000000e-01, 4.381532968000000e-01, 2.087902984354302e-05, 0.000000000000000e+00, 0.000000000000000e+00, 4.323819008298501e+00
165, 7.545207143000000e-01, 4.303709866000000e-01, 2.088110423295781e-05, 0.000000000000000e+00, 0.000000000000000e+00, 4.324274045887838e+00
166, 7.679134010999999e-01, 4.221639932000000e-01, 2.088314360387343e-05, 0.000000000000000e+00, 0.000000000000000e+00, 4.324720393588531e+00
167, 7.810416818000000e-01, 4.135403038000000e-01, 2.088513840973221e-05, 0.000000000000000e+00, 0.000000000000000e+00, 4.325155991907272e+00
168, 7.938926220000000e-01, 4.045085014000000e-01, 2.088708119217660e-05, 0.000000000000000e+00, 0.000000000000000e+00, 4.325579247963531e+00
169, 8.064535260000000e-01, 3.950774969000000e-01, 2.088896474382662e-05, 0.000000000000000e+00, 0.000000000000000e+00, 4.325988652789029e+00
170, 8.187119961000000e-01, 3.852565886000000e-01, 2.089078680285877e-05, 0.000000000000000e+00, 0.000000000000000e+00, 4.326383750771617e+00
171, 8.306558728000000e-01, 3.750554920000000e-01, 2.089254666371451e-05, 0.000000000000000e+00, 0.000000000000000e+00, 4.326764434413429e+00
172, 8.422734737000001e-01, 3.644843102000000e-01, 2.089424452375085e-05, 0.000000000000000e+00, 0.000000000000000e+00, 4.327130805809135e+00
173, 8.535534143000000e-01, 3.535534144000000e-01, 2.089588217196946e-05, 0.000000000000000e+00, 0.000000000000000e+00, 4.327483315682273e+00
174, 8.644843102000001e-01, 3.422735930000000e-01, 2.089746080389008e-05, 0.000000000000000e+00, 0.000000000000000e+00, 4.327822306729609e+00
175, 8.750556111000000e-01, 3.306559027000000e-01, 2.089898294935446e-05, 0.000000000000000e+00, 0.000000000000000e+00, 4.328148409425425e+00
176, 8.852565885000000e-01, 3.187119962000000e-01, 2.090045026395899e-05, 0.000000000000000e+00, 0.000000000000000e+00, 4.328462079790592e+00
177, 8.950775266000000e-01, 3.064534963000000e-01, 2.090186541072189e-05, 0.000000000000000e+00, 0.000000000000000e+00, 4.328763985990182e+00
178, 9.045084715000000e-01, 2.938925923000000e-01, 2.090323096311760e-05, 0.000000000000000e+00, 0.000000000000000e+00, 4.329054776578878e+00
179, 9.135403036999999e-01, 2.810417117000000e-01, 2.090454916545379e-05, 0.000000000000000e+00, 0.000000000000000e+00, 4.329335028017742e+00
180, 9.221640229000000e-01, 2.679134012000000e-01, 2.090582226867014e-05, 0.000000000000000e+00, 0.000000000000000e+00, 4.329605311079984e+00
181, 9.303709865000001e-01, 2.545207144000000e-01, 2.090705190455319e-05, 0.000000000000000e+00, 0.000000000000000e+00, 4.329866058727039e+00
182, 9.381533265000001e-01, 2.408767940000000e-01, 2.090823979815915e-05, 0.000000000000000e+00, 0.000000000000000e+00, 4.330117711928884e+00
183, 9.455031753000001e-01, 2.269952000000000e-01, 2.090938616863929e-05, 0.000000000000000e+00, 0.000000000000000e+00, 4.330360386502035e+00
184, 9.524134994000000e-01, 2.128895969000000e-01, 2.091048978338808e-05, 0.000000000000000e+00, 0.000000000000000e+00, 4.330593883365283e+00
185, 9.588773251000000e-01, 1.985739023000000e-01, 2.091154817891486e-05, 0.000000000000000e+00, 0.000000000000000e+00, 4.330817733724679e+00
186, 9.648882151000000e-01, 1.840623022000000e-01, 2.091255849473118e-05, 0.000000000000000e+00, 0.000000000000000e+00, 4.331031372190346e+00
187, 9.704403877000000e-01, 1.693689973000000e-01, 2.091351704299675e-05, 0.000000000000000e+00, 0.000000000000000e+00, 4.331234048624811e+00
188, 9.755281806000000e-01, 1.545085014000000e-01, 2.091441924133161e-05, 0.000000000000000e+00, 0.000000000000000e+00, 4.331424815294056e+00
189, 9.801468253000000e-01, 1.394955964000000e-01, 2.091525959658186e-05, 0.000000000000000e+00, 0.000000000000000e+00, 4.331602525011593e+00
190, 9.842916131000000e-01, 1.243449004000000e-01, 2.091603248511613e-05, 0.000000000000000e+00, 0.000000000000000e+00, 4.331765994609401e+00
191, 9.879583716000000e-01, 1.090715976000000e-01, 2.091673232100353e-05, 0.000000000000000e+00, 0.000000000000000e+00, 4.331914041823316e+00
192, 9.911435843000000e-01, 9.369066370000000e-02, 2.091735348172575e-05, 0.000000000000000e+00, 0.000000000000000e+00, 4.332045472517333e+00
193, 9.938442111000000e-01, 7.821723080000000e-02, 2.091789052671653e-05, 0.000000000000000e+00, 0.000000000000000e+00, 4.332159128278399e+00
194, 9.960572720000000e-01, 6.266661740000000e-02, 2.091833792720663e-05, 0.000000000000000e+00, 0.000000000000000e+00, 4.332253832691977e+00
195, 9.977809787000000e-01, 4.705416050000000e-02, 2.091869097667360e-05, 0.000000000000000e+00, 0.000000000000000e+00, 4.332328582039201e+00
196, 9.990134239000000e-01, 3.139526030000000e-02, 2.091894579924841e-05, 0.000000000000000e+00, 0.000000000000000e+00, 4.332382548870995e+00
197, 9.997532964000000e-01, 1.570538070000000e-02, 2.091909962149324e-05, 0.000000000000000e+00, 0.000000000000000e+00, 4.332415139875567e+00
198, 1.000000000000000e+00, 1.000000000000000e-10, 2.091915090773444e-05, 0.000000000000000e+00, 0.000000000000000e+00, 4.332426025091219e+00
199, 9.997532964000000e-01, -1.570538050000000e-02, 2.091909919610456e-05, 0.000000000000000e+00, 0.000000000000000e+00, 4.332415104675332e+00
3399, 9.263200844220365e-01, 2.612492786944827e-01, 2.090644193470671e-05, 0.000000000000000e+00, 0.000000000000000e+00, 4.329736749550112e+00
3408, 8.998423437486271e-01, 3.002100933439857e-01, 2.090255303952546e-05, 0.000000000000000e+00, 0.000000000000000e+00, 4.328910484302735e+00
3434, 2.254885978345892e-01, 4.179036851730074e-01, 2.092999154736494e-05, 0.000000000000000e+00, 0.000000000000000e+00, 4.334851982209062e+00
3453, 9.556875264125946e-01, -2.057884308506453e-01, 2.091102502498121e-05, 0.000000000000000e+00, 0.000000000000000e+00, 4.330707659722729e+00
3466, 9.342719161712294e-01, -2.478061799571768e-01, 2.090765376458032e-05, 0.000000000000000e+00, 0.000000000000000e+00, 4.329994178741495e+00
3478, 9.984586665942501e-01, -3.922955132399737e-02, 2.091883253470922e-05, 0.000000000000000e+00, 0.000000000000000e+00, 4.332358683069300e+00
3481, 7.875026173376242e-01, 4.090748648157395e-01, 2.088611230419416e-05, 0.000000000000000e+00, 0.000000000000000e+00, 4.325368336157182e+00
3512, 7.872744205973181e-01, -4.092351491141434e-01, 2.088596964043977e-05, 0.000000000000000e+00, 0.000000000000000e+00, 4.325338974779827e+00
3517, 6.166980286895765e-01, -4.861908782566440e-01, 2.086186474995867e-05, 0.000000000000000e+00, 0.000000000000000e+00, 4.320017054953337e+00
3525, 7.999719085942303e-01, -4.000210670131447e-01, 2.088789082379753e-05, 0.000000000000000e+00, 0.000000000000000e+00, 4.325757002701597e+00
3547, 3.086583369446475e-01, -4.619397882616436e-01, 2.088771076894118e-05, 0.000000000000000e+00, 0.000000000000000e+00, 4.325563926763272e+00
3557, 4.451334186605047e-01, -4.969805411201898e-01, 2.085671020799578e-05, 0.000000000000000e+00, 0.000000000000000e+00, 4.318797211025044e+00
3560, 4.764472306816073e-01, -4.994449589869085e-01, 2.085484822880850e-05, 0.000000000000000e+00, 0.000000000000000e+00, 4.318403326374795e+00
3571, 1.409368693232129e-01, -3.479564170820603e-01, 2.099533125059615e-05, 0.000000000000000e+00, 0.000000000000000e+00, 4.349220829279196e+00
3594, 5.548624870163748e-01, -4.969809931158115e-01, 2.085626160562844e-05, 0.000000000000000e+00, 0.000000000000000e+00, 4.318755373830332e+00
3606, 5.098619235927143e-02, -2.199695445919161e-01, 2.109275250308011e-05, 0.000000000000000e+00, 0.000000000000000e+00, 4.370659374890920e+00
3622, 1.001576588414208e-01, -3.002100967936064e-01, 2.103577498798073e-05, 0.000000000000000e+00, 0.000000000000000e+00, 4.358119975060992e+00
3630, 5.859526844240669e-01, -4.925567338290046e-01, 2.085869831496217e-05, 0.000000000000000e+00, 0.000000000000000e+00, 4.319306746622016e+00
3635, 9.092514009728780e-02, -2.875026243281556e-01, 2.104577699643615e-05, 0.000000000000000e+00, 0.000000000000000e+00, 4.360321055180281e+00
3667, 1.997899019071208e-01, -3.998423401830576e-01, 2.094730449799338e-05, 0.000000000000000e+00, 0.000000000000000e+00, 4.338656467265121e+00
3670, 7.367991854688194e-02, -2.612492835393179e-01, 2.106531775104007e-05, 0.000000000000000e+00, 0.000000000000000e+00, 4.364621432604552e+00
3689, 1.541333290849545e-03, -3.922954986405257e-02, 2.115938498025673e-05, 0.000000000000000e+00, 0.000000000000000e+00, 4.385325581403264e+00
3690, 2.210349923696159e-02, -1.470201841872174e-01, 2.113052809525703e-05, 0.000000000000000e+00, 0.000000000000000e+00, 4.378973726887446e+00
3696, 3.680637045427771e-01, -4.822787720199019e-01, 2.086907240410311e-05, 0.000000000000000e+00, 0.000000000000000e+00, 4.321482858753758e+00
3714, 5.550625593688241e-04, 2.355322621052463e-02, 2.116081558590393e-05, 0.000000000000000e+00, 0.000000000000000e+00, 4.385640461092122e+00
3725, 6.568423341295349e-02, -2.477293177924371e-01, 2.107476101333384e-05, 0.000000000000000e+00, 0.000000000000000e+00, 4.366699690384487e+00
3732, 3.227799531787090e-02, -1.767374502931695e-01, 2.111685451903463e-05, 0.000000000000000e+00, 0.000000000000000e+00, 4.375964094672208e+00
3742, 3.232625351295538e-01, 4.677219991738338e-01, 2.088230499714292e-05, 0.000000000000000e+00, 0.000000000000000e+00, 4.324381086457034e+00
3749, 7.445337324929635e-03, 8.596455244487533e-02, 2.115093810828076e-05, 0.000000000000000e+00, 0.000000000000000e+00, 4.383466272626951e+00
3751, 1.541333306494919e-03, 3.922955006284574e-02, 2.115939303319148e-05, 0.000000000000000e+00, 0.000000000000000e+00, 4.385327312331636e+00
3771, 9.092514019138748e-02, 2.875026244620457e-01, 2.104578804377693e-05, 0.000000000000000e+00, 0.000000000000000e+00, 4.360323992376534e+00
3786, 1.197970212930766e-01, -3.247240289574871e-01, 2.101554269300530e-05, 0.000000000000000e+00, 0.000000000000000e+00, 4.353667879394692e+00
3792, 5.098619243829666e-02, 2.199695447532265e-01, 2.109273434252067e-05, 0.000000000000000e+00, 0.000000000000000e+00, 4.370655888061577e+00
3804, 1.038859305501411e-02, 1.013936397874714e-01, 2.114677219758139e-05, 0.000000000000000e+00, 0.000000000000000e+00, 4.382549322025181e+00
3810, 7.367991863599360e-02, 2.612492836847347e-01, 2.106531737786858e-05, 0.000000000000000e+00, 0.000000000000000e+00, 4.364621810524767e+00
3812, 5.811716571993708e-02, 2.339648708003372e-01, 2.108390691963343e-05, 0.000000000000000e+00, 0.000000000000000e+00, 4.368713052552501e+00
3819, 1.997899020031620e-01, 3.998423402551672e-01, 2.094732648958958e-05, 0.000000000000000e+00, 0.000000000000000e+00, 4.338662982162012e+00
3833, 1.772129092174085e-02, 1.319365255333334e-01, 2.113653739841701e-05, 0.000000000000000e+00, 0.000000000000000e+00, 4.380296625456146e+00
3839, 1.197970213918577e-01, 3.247240290731446e-01, 2.101556473489771e-05, 0.000000000000000e+00, 0.000000000000000e+00, 4.353673418548083e+00
3852, 4.451328367631567e-01, 4.969804768784600e-01, 2.085670257869205e-05, 0.000000000000000e+00, 0.000000000000000e+00, 4.318796051066473e+00
3882, 1.409368694231759e-01, 3.479564171852138e-01, 2.099535806075695e-05, 0.000000000000000e+00, 0.000000000000000e+00, 4.349227588733227e+00
3883, 3.986067038777185e-01, -4.896114781144938e-01, 2.086272962002361e-05, 0.000000000000000e+00, 0.000000000000000e+00, 4.320099836257428e+00
3912, 2.387507202007468e-01, 4.263200837450324e-01, 2.092186603989807e-05, 0.000000000000000e+00, 0.000000000000000e+00, 4.333066218503569e+00
3924, 1.634937534688516e-01, 3.698155567921907e-01, 2.097554142642497e-05, 0.000000000000000e+00, 0.000000000000000e+00, 4.344868263890220e+00
3938, 5.548671485144481e-01, 4.969804785038275e-01, 2.085625089198275e-05, 0.000000000000000e+00, 0.000000000000000e+00, 4.318752432580431e+00
3971, 4.140354465618975e-01, 4.925546625017243e-01, 2.086026007613608e-05, 0.000000000000000e+00, 0.000000000000000e+00, 4.319564462542488e+00
3974, 8.477310406542677e-01, -3.592813985798597e-01, 2.089500587581756e-05, 0.000000000000000e+00, 0.000000000000000e+00, 4.327295737272932e+00
3993, 4.921463278942318e-01, 4.999383160295428e-01, 2.085446847843027e-05, 0.000000000000000e+00, 0.000000000000000e+00, 4.318327934586915e+00
4012, 9.557016543193892e-01, 2.057571438627874e-01, 2.091102527756747e-05, 0.000000000000000e+00, 0.000000000000000e+00, 4.330707145184256e+00
4022, 6.470201614786231e-01, 4.778965077491145e-01, 2.086554034331320e-05, 0.000000000000000e+00, 0.000000000000000e+00, 4.320836678807633e+00
4025, 5.859644955927193e-01, 4.925546725973567e-01, 2.085868520861916e-05, 0.000000000000000e+00, 0.000000000000000e+00, 4.319303275982182e+00
4041, 8.698155614651023e-01, 3.365062413956850e-01, 2.089822675084566e-05, 0.000000000000000e+00, 0.000000000000000e+00, 4.327986509090715e+00
4044, 9.490137963926956e-01, 2.199695675520111e-01, 2.090994364978115e-05, 0.000000000000000e+00, 0.000000000000000e+00, 4.330478346856390e+00
4064, 7.199695859440618e-01, 4.490137873825233e-01, 2.087586788777157e-05, 0.000000000000000e+00, 0.000000000000000e+00, 4.323123592105500e+00
4099, 6.167226444129416e-01, 4.861849692053939e-01, 2.086185574590644e-05, 0.000000000000000e+00, 0.000000000000000e+00, 4.320014504333763e+00
4125, 9.999383162360695e-01, -7.853658958961418e-03, 2.091914051944055e-05, 0.000000000000000e+00, 0.000000000000000e+00, 4.332423827703236e+00
4128, 9.896112794633448e-01, -1.013942553711323e-01, 2.091705430961359e-05, 0.000000000000000e+00, 0.000000000000000e+00, 4.331982488675247e+00
4131, 9.861846402695220e-01, -1.167240145214142e-01, 2.091639235879192e-05, 0.000000000000000e+00, 0.000000000000000e+00, 4.331842488878084e+00
4145, 8.123781664826624e-01, -3.904098885849718e-01, 2.088975793305650e-05, 0.000000000000000e+00, 0.000000000000000e+00, 4.326162257407672e+00
4162, 5.811716563721880e-02, -2.339648706441098e-01, 2.108391977047754e-05, 0.000000000000000e+00, 0.000000000000000e+00, 4.368715402666822e+00
4164, 7.610531396253641e-01, -4.264402165506206e-01, 2.088198616414554e-05, 0.000000000000000e+00, 0.000000000000000e+00, 4.324469020662817e+00
4213, 9.619397681480500e-01, 1.913417116138706e-01, 2.091206030241807e-05, 0.000000000000000e+00, 0.000000000000000e+00, 4.330926025716098e+00
4216, 9.994449375252970e-01, 2.355322441518714e-02, 2.091903803858073e-05, 0.000000000000000e+00, 0.000000000000000e+00, 4.332402077283110e+00
4230, 9.822779587396269e-01, -1.319392682787755e-01, 2.091565408362264e-05, 0.000000000000000e+00, 0.000000000000000e+00, 4.331686372076997e+00
4254, 9.089766148705223e-01, -2.876423621253457e-01, 2.090388785656939e-05, 0.000000000000000e+00, 0.000000000000000e+00, 4.329195121017204e+00
4258, 7.742975260245430e-01, -4.180440972156110e-01, 2.088399948378894e-05, 0.000000000000000e+00, 0.000000000000000e+00, 4.324909234679476e+00
4261, 6.912493802776827e-01, -4.619780022288966e-01, 2.087158211618686e-05, 0.000000000000000e+00, 0.000000000000000e+00, 4.322178615207852e+00
4276, 8.247240258811626e-01, 3.802029813343524e-01, 2.089167124015978e-05, 0.000000000000000e+00, 0.000000000000000e+00, 4.326575214296446e+00
4283, 8.479563788965800e-01, 3.590631676810913e-01, 2.089506810492766e-05, 0.000000000000000e+00, 0.000000000000000e+00, 4.327308214149252e+00
4302, 9.896114059311865e-01, 1.013936446829230e-01, 2.091705506233021e-05, 0.000000000000000e+00, 0.000000000000000e+00, 4.331982317943661e+00
4313, 9.925546626765483e-01, 8.596455243640584e-02, 2.091763499139996e-05, 0.000000000000000e+00, 0.000000000000000e+00, 4.332105036339337e+00
4319, 9.925546210574051e-01, -8.596479090299680e-02, 2.091763434232784e-05, 0.000000000000000e+00, 0.000000000000000e+00, 4.332105182365896e+00
4327, 8.126213385562999e-01, 3.902151953464488e-01, 2.088987974601138e-05, 0.000000000000000e+00, 0.000000000000000e+00, 4.326187219189543e+00
4332, 9.179036861697121e-01, 2.745114006480727e-01, 2.090519051319090e-05, 0.000000000000000e+00, 0.000000000000000e+00, 4.329471234667635e+00
4361, 4.295494122177611e-01, 4.950118328698183e-01, 2.085825785496054e-05, 0.000000000000000e+00, 0.000000000000000e+00, 4.319130956974557e+00
4364, 2.800304140559380e-01, 4.490137873825233e-01, 2.089999302359295e-05, 0.000000000000000e+00, 0.000000000000000e+00, 4.328261637118962e+00
4379, 2.695732701429121e-02, 1.619587278739119e-01, 2.112394081131725e-05, 0.000000000000000e+00, 0.000000000000000e+00, 4.377524198993752e+00
4393, 4.988171034494115e-03, -7.045061521537548e-02, 2.115443533573108e-05, 0.000000000000000e+00, 0.000000000000000e+00, 4.384236039804760e+00
4396, 7.445337291051624e-03, -8.596455225076349e-02, 2.115093420818495e-05, 0.000000000000000e+00, 0.000000000000000e+00, 4.383465367941459e+00
4411, 1.097847944595936e-01, -3.126213258321616e-01, 2.102568160251606e-05, 0.000000000000000e+00, 0.000000000000000e+00, 4.355898872297075e+00
4416, 2.387507267504527e-01, -4.263200877586975e-01, 2.092185437169252e-05, 0.000000000000000e+00, 0.000000000000000e+00, 4.333061370381508e+00
4437, 6.319027308749053e-01, -4.822879529780340e-01, 2.086364858720989e-05, 0.000000000000000e+00, 0.000000000000000e+00, 4.320415614782954e+00
4440, 7.056451101902421e-01, -4.557522228742755e-01, 2.087367106858050e-05, 0.000000000000000e+00, 0.000000000000000e+00, 4.322640459194733e+00
4444, 8.588536952942269e-01, -3.481724075421230e-01, 2.089662945342846e-05, 0.000000000000000e+00, 0.000000000000000e+00, 4.327644716333712e+00
4454, 9.418515413594475e-01, -2.340239632992324e-01, 2.090882163673577e-05, 0.000000000000000e+00, 0.000000000000000e+00, 4.330241481272010e+00
4462, 8.802029990249465e-01, 3.247240051681373e-01, 2.089972157423723e-05, 0.000000000000000e+00, 0.000000000000000e+00, 4.328306400443370e+00
4470, 9.677220034538623e-01, 1.767374535436820e-01, 2.091304539483989e-05, 0.000000000000000e+00, 0.000000000000000e+00, 4.331134319073765e+00
4471, 9.999383162329281e-01, 7.853659158936540e-03, 2.091914073817758e-05, 0.000000000000000e+00, 0.000000000000000e+00, 4.332423846529743e+00
4476, 1.752759655023370e-01, 3.802029739751657e-01, 2.096589274026199e-05, 0.000000000000000e+00, 0.000000000000000e+00, 4.342746000946966e+00
4490, 5.078536721057679e-01, 4.999383160295428e-01, 2.085445543341412e-05, 0.000000000000000e+00, 0.000000000000000e+00, 4.318333198456656e+00
4502, 8.244813575387951e-01, -3.804101058197332e-01, 2.089156856473619e-05, 0.000000000000000e+00, 0.000000000000000e+00, 4.326554264094137e+00
4504, 7.198364916823130e-01, -4.490789651328733e-01, 2.087576881313641e-05, 0.000000000000000e+00, 0.000000000000000e+00, 4.323103276703093e+00
4513, 9.994449375347089e-01, -2.355322421560654e-02, 2.091903742692988e-05, 0.000000000000000e+00, 0.000000000000000e+00, 4.332402029831275e+00
4523, 9.262607925310999e-01, -2.613460096323619e-01, 2.090644275052332e-05, 0.000000000000000e+00, 0.000000000000000e+00, 4.329737523433876e+00
4542, 4.140358958068983e-01, -4.925547409073205e-01, 2.086027036476992e-05, 0.000000000000000e+00, 0.000000000000000e+00, 4.319565650251342e+00
4543, 4.607710005623679e-01, -4.984587100283456e-01, 2.085557904972103e-05, 0.000000000000000e+00, 0.000000000000000e+00, 4.318556124687254e+00
4544, 1.634937533692831e-01, -3.698155567015904e-01, 2.097551544681112e-05, 0.000000000000000e+00, 0.000000000000000e+00, 4.344861423073277e+00
4558, 5.704429258093895e-01, -4.950129232690930e-01, 2.085737578161711e-05, 0.000000000000000e+00, 0.000000000000000e+00, 4.319008286929757e+00
4570, 7.338102049661305e-01, -4.419646909581082e-01, 2.087786146991652e-05, 0.000000000000000e+00, 0.000000000000000e+00, 4.323563984354648e+00
4575, 1.520436171609771e-01, -3.590631638605992e-01, 2.098535027986558e-05, 0.000000000000000e+00, 0.000000000000000e+00, 4.347024981513239e+00
4577, 3.380413868096839e-01, -4.730427122506695e-01, 2.087738760811503e-05, 0.000000000000000e+00, 0.000000000000000e+00, 4.323301593254254e+00
4578, 3.529799840110529e-01, -4.778965525075587e-01, 2.087298078768140e-05, 0.000000000000000e+00, 0.000000000000000e+00, 4.322337152391031e+00
4582, 3.832776397172477e-01, -4.861850374189065e-01, 2.086566084843276e-05, 0.000000000000000e+00, 0.000000000000000e+00, 4.320738271921550e+00
4584, 2.660351043491327e-01, -4.418828211223864e-01, 2.090683894429122e-05, 0.000000000000000e+00, 0.000000000000000e+00, 4.329762389489519e+00
4587, 2.942428841278572e-01, -4.557016669576465e-01, 2.089361235194998e-05, 0.000000000000000e+00, 0.000000000000000e+00, 4.326858593945706e+00
4590, 5.392270109623779e-01, -4.984588665185499e-01, 2.085538777320908e-05, 0.000000000000000e+00, 0.000000000000000e+00, 4.318555080542412e+00
4592, 4.295499402205814e-01, -4.950119080154299e-01, 2.085826656792088e-05, 0.000000000000000e+00, 0.000000000000000e+00, 4.319132083651813e+00
4597, 2.254885977428025e-01, -4.179036851127150e-01, 2.092997581610318e-05, 0.000000000000000e+00, 0.000000000000000e+00, 4.334846432269456e+00
4610, 1.873786704223832e-01, -3.902152025397310e-01, 2.095645032390569e-05, 0.000000000000000e+00, 0.000000000000000e+00, 4.340667849585957e+00
4611, 1.752759654035559e-01, -3.802029738907989e-01, 2.096586817762810e-05, 0.000000000000000e+00, 0.000000000000000e+00, 4.342739299337618e+00
4614, 2.800304316390549e-01, -4.490137959964032e-01, 2.089999095057249e-05, 0.000000000000000e+00, 0.000000000000000e+00, 4.328258668429969e+00
4641, 6.013762286025028e-01, -4.896150123049059e-01, 2.086020625879614e-05, 0.000000000000000e+00, 0.000000000000000e+00, 4.319645553624892e+00
4645, 3.806023096835143e-02, -1.913417094806756e-01, 2.110926168291604e-05, 0.000000000000000e+00, 0.000000000000000e+00, 4.374292915724091e+00
4654, 3.232626139015005e-01, -4.677220289392729e-01, 2.088230072703854e-05, 0.000000000000000e+00, 0.000000000000000e+00, 4.324377847356007e+00
4660, 8.209632496800634e-02, -2.745114176036290e-01, 2.105564133167881e-05, 0.000000000000000e+00, 0.000000000000000e+00, 4.362491887579578e+00
4664, 7.475533041569711e-01, -4.344161157242745e-01, 2.087993671269047e-05, 0.000000000000000e+00, 0.000000000000000e+00, 4.324019856337127e+00
4666, 2.695732695299297e-02, -1.619587276948746e-01, 2.112395504662653e-05, 0.000000000000000e+00, 0.000000000000000e+00, 4.377526949345138e+00
4671, 6.766630372381603e-01, -4.677501162734098e-01, 2.086951738484390e-05, 0.000000000000000e+00, 0.000000000000000e+00, 4.321721184731138e+00
4672, 1.772129085810281e-02, -1.319365253007122e-01, 2.113654165922558e-05, 0.000000000000000e+00, 0.000000000000000e+00, 4.380297365123360e+00
4674, 1.381503227347297e-02, -1.167226505728687e-01, 2.114196520311847e-05, 0.000000000000000e+00, 0.000000000000000e+00, 4.381491146060559e+00
4677, 1.038859301529443e-02, -1.013936395956725e-01, 2.114677044214890e-05, 0.000000000000000e+00, 0.000000000000000e+00, 4.382548851454010e+00
4680, 2.522706829117035e-01, -4.343157669886811e-01, 2.091413222423903e-05, 0.000000000000000e+00, 0.000000000000000e+00, 4.331364526948060e+00
4701, 5.550625499568529e-04, -2.355322601094402e-02, 2.116080909729479e-05, 0.000000000000000e+00, 0.000000000000000e+00, 4.385639075586803e+00
4707, 6.168376909509998e-05, 7.853659287736549e-03, 2.116152688248223e-05, 0.000000000000000e+00, 0.000000000000000e+00, 4.385797053573548e+00
4709, 6.168376595366842e-05, -7.853659087761426e-03, 2.116152435225784e-05, 0.000000000000000e+00, 0.000000000000000e+00, 4.385796514905159e+00
4718, 1.301844671329882e-01, -3.365062728245765e-01, 2.100541153852917e-05, 0.000000000000000e+00, 0.000000000000000e+00, 4.351438677964232e+00
4721, 3.019522515344708e-03, 5.486715774599700e-02, 2.115726419522431e-05, 0.000000000000000e+00, 0.000000000000000e+00, 4.384858722829792e+00
4742, 2.210349929317684e-02, 1.470201843699478e-01, 2.113051922087846e-05, 0.000000000000000e+00, 0.000000000000000e+00, 4.378972058366056e+00
4746, 3.019522493527660e-03, -5.486715754838115e-02, 2.115725667359017e-05, 0.000000000000000e+00, 0.000000000000000e+00, 4.384857086854191e+00
4749, 3.227799538401022e-02, 1.767374504682019e-01, 2.111683542069706e-05, 0.000000000000000e+00, 0.000000000000000e+00, 4.375960361979558e+00
4752, 3.806023103907080e-02, 1.913417096514072e-01, 2.110923976388709e-05, 0.000000000000000e+00, 0.000000000000000e+00, 4.374288616758755e+00
4758, 4.429834441884206e-02, 2.057571410682792e-01, 2.110119252736330e-05, 0.000000000000000e+00, 0.000000000000000e+00, 4.372517475743309e+00
4765, 1.381503233022879e-02, 1.167226508092735e-01, 2.114196439483577e-05, 0.000000000000000e+00, 0.000000000000000e+00, 4.381491100376468e+00
4779, 8.209632505979314e-02, 2.745114177433608e-01, 2.105564700837537e-05, 0.000000000000000e+00, 0.000000000000000e+00, 4.362493613405932e+00
4790, 1.001576589374620e-01, 3.002100969215210e-01, 2.103579033800659e-05, 0.000000000000000e+00, 0.000000000000000e+00, 4.358123905345042e+00
4793, 6.568423349903829e-02, 2.477293179433596e-01, 2.107475434173856e-05, 0.000000000000000e+00, 0.000000000000000e+00, 4.366698681161002e+00
4811, 2.522706701711493e-01, 4.343157597215975e-01, 2.091414152677313e-05, 0.000000000000000e+00, 0.000000000000000e+00, 4.331368980637299e+00
4814, 1.301844672325567e-01, 3.365062729340006e-01, 2.100543640786934e-05, 0.000000000000000e+00, 0.000000000000000e+00, 4.351444919604321e+00
4821, 1.873786705199870e-01, 3.902152026179261e-01, 2.095647368628484e-05, 0.000000000000000e+00, 0.000000000000000e+00, 4.340674473005028e+00
4823, 2.942428506687819e-01, 4.557016518502985e-01, 2.089361339658089e-05, 0.000000000000000e+00, 0.000000000000000e+00, 4.326861310288529e+00
4832, 1.520436172609401e-01, 3.590631639574698e-01, 2.098537733660346e-05, 0.000000000000000e+00, 0.000000000000000e+00, 4.347031911637873e+00
4833, 5.235520907023608e-01, -4.994449909885451e-01, 2.085478413661149e-05, 0.000000000000000e+00, 0.000000000000000e+00, 4.318414036338415e+00
4835, 5.078533774423379e-01, -4.999383206584071e-01, 2.085447610537667e-05, 0.000000000000000e+00, 0.000000000000000e+00, 4.318337943977322e+00
4836, 3.380412727030300e-01, 4.730426731832401e-01, 2.087739186673513e-05, 0.000000000000000e+00, 0.000000000000000e+00, 4.323304685387859e+00
4837, 3.529798249079487e-01, 4.778965035610770e-01, 2.087298213848374e-05, 0.000000000000000e+00, 0.000000000000000e+00, 4.322339442305352e+00
4842, 2.660350921068303e-01, 4.418828146404209e-01, 2.090684461860020e-05, 0.000000000000000e+00, 0.000000000000000e+00, 4.329766123275713e+00
4845, 3.832773555870583e-01, 4.861849692053939e-01, 2.086565422917015e-05, 0.000000000000000e+00, 0.000000000000000e+00, 4.320738398185733e+00
4847, 3.680634883775071e-01, 4.822787128838342e-01, 2.086906991358799e-05, 0.000000000000000e+00, 0.000000000000000e+00, 4.321484109714616e+00
4857, 2.124973826623756e-01, 4.090748648157395e-01, 2.093848832106344e-05, 0.000000000000000e+00, 0.000000000000000e+00, 4.336719760391277e+00
4861, 4.764467489428202e-01, 4.994449362688917e-01, 2.085483082019183e-05, 0.000000000000000e+00, 0.000000000000000e+00, 4.318399642751073e+00
4868, 1.097847945571973e-01, 3.126213259539907e-01, 2.102570047415260e-05, 0.000000000000000e+00, 0.000000000000000e+00, 4.355903640061959e+00
4872, 5.704505877822387e-01, 4.950118328698183e-01, 2.085736333488908e-05, 0.000000000000000e+00, 0.000000000000000e+00, 4.319004957126235e+00
4875, 5.235532659259496e-01, 4.994449355676974e-01, 2.085476923352583e-05, 0.000000000000000e+00, 0.000000000000000e+00, 4.318410363441083e+00
4878, 3.086582843294210e-01, 4.619397664677065e-01, 2.088771365314353e-05, 0.000000000000000e+00, 0.000000000000000e+00, 4.325566969501947e+00
4879, 8.997215466723489e-01, -3.003709125828684e-01, 2.090254088356042e-05, 0.000000000000000e+00, 0.000000000000000e+00, 4.328908543265803e+00
4881, 8.900708847516841e-01, -3.128013824602416e-01, 2.090114417250119e-05, 0.000000000000000e+00, 0.000000000000000e+00, 4.328610870596030e+00
4883, 4.607704189145218e-01, 4.984586642519696e-01, 2.085556831260285e-05, 0.000000000000000e+00, 0.000000000000000e+00, 4.318554066854094e+00
4897, 6.319365116224925e-01, 4.822787128838342e-01, 2.086364598198574e-05, 0.000000000000000e+00, 0.000000000000000e+00, 4.320414453212994e+00
4906, 6.913417156705788e-01, 4.619397664677065e-01, 2.087164376018990e-05, 0.000000000000000e+00, 0.000000000000000e+00, 4.322191061054844e+00
4908, 6.619587006203705e-01, 4.730426823166817e-01, 2.086751899390964e-05, 0.000000000000000e+00, 0.000000000000000e+00, 4.321276696103962e+00
4925, 6.013936029263423e-01, 4.896114145785565e-01, 2.086019370492061e-05, 0.000000000000000e+00, 0.000000000000000e+00, 4.319642220526702e+00
4927, 6.767374518305102e-01, 4.677220041012161e-01, 2.086955921118581e-05, 0.000000000000000e+00, 0.000000000000000e+00, 4.321729452144819e+00
4929, 7.612492852160357e-01, 4.263200804256237e-01, 2.088212360241954e-05, 0.000000000000000e+00, 0.000000000000000e+00, 4.324497339784945e+00
4931, 7.339649311710829e-01, 4.418828023153993e-01, 2.087797649216055e-05, 0.000000000000000e+00, 0.000000000000000e+00, 4.323587639094396e+00
4940, 8.002101122913275e-01, 3.998423295225612e-01, 2.088802674977996e-05, 0.000000000000000e+00, 0.000000000000000e+00, 4.325784931568735e+00
4954, 7.477293804257059e-01, 4.343157308616575e-01, 2.088006479793951e-05, 0.000000000000000e+00, 0.000000000000000e+00, 4.324046235929992e+00
4965, 8.365062302269196e-01, 3.698155716278956e-01, 2.089340026728513e-05, 0.000000000000000e+00, 0.000000000000000e+00, 4.326948767353032e+00
4968, 9.343157601054373e-01, 2.477293291559078e-01, 2.090765076179009e-05, 0.000000000000000e+00, 0.000000000000000e+00, 4.329992953193276e+00
4971, 9.730426691713041e-01, 1.619587390148738e-01, 2.091397678292524e-05, 0.000000000000000e+00, 0.000000000000000e+00, 4.331331251414577e+00
4974, 2.124973825682759e-01, -4.090748647496053e-01, 2.093846879144576e-05, 0.000000000000000e+00, 0.000000000000000e+00, 4.336713584464545e+00
4976, 9.418828232760517e-01, 2.339648915833007e-01, 2.090881828216125e-05, 0.000000000000000e+00, 0.000000000000000e+00, 4.330240189574166e+00
4979, 7.745113969603925e-01, 4.179036885920649e-01, 2.088414213061042e-05, 0.000000000000000e+00, 0.000000000000000e+00, 4.324938619250906e+00
4980, 9.778964965994781e-01, 1.470201977210779e-01, 2.091484885600855e-05, 0.000000000000000e+00, 0.000000000000000e+00, 4.331515656375887e+00
4982, 9.822787097258884e-01, 1.319365231659988e-01, 2.091565644523535e-05, 0.000000000000000e+00, 0.000000000000000e+00, 4.331686449247019e+00
4987, 8.902152083555782e-01, 3.126213223182522e-01, 2.090116266769679e-05, 0.000000000000000e+00, 0.000000000000000e+00, 4.328614145632445e+00
4994, 9.619308948705363e-01, -1.913631321966315e-01, 2.091205830678987e-05, 0.000000000000000e+00, 0.000000000000000e+00, 4.330926156411340e+00
4995, 9.778949406650558e-01, -1.470252552684155e-01, 2.091484573706635e-05, 0.000000000000000e+00, 0.000000000000000e+00, 4.331515460742243e+00
5002, 9.950118176703762e-01, -7.045069457904744e-02, 2.091812728909388e-05, 0.000000000000000e+00, 0.000000000000000e+00, 4.332209468174503e+00
5004, 9.969804749819151e-01, -5.486718041552714e-02, 2.091852795538507e-05, 0.000000000000000e+00, 0.000000000000000e+00, 4.332294240098182e+00
5006, 9.677167158596396e-01, -1.767514461198919e-01, 2.091304241062716e-05, 0.000000000000000e+00, 0.000000000000000e+00, 4.331134217695379e+00
5008, 9.730397005726438e-01, -1.619674093209601e-01, 2.091397344097209e-05, 0.000000000000000e+00, 0.000000000000000e+00, 4.331331044609726e+00
5016, 9.489923253433015e-01, -2.200133900080059e-01, 2.090994561231848e-05, 0.000000000000000e+00, 0.000000000000000e+00, 4.330479337950202e+00
5020, 8.800352493578918e-01, -3.249203121466631e-01, 2.089969541684270e-05, 0.000000000000000e+00, 0.000000000000000e+00, 4.328301511147313e+00
5022, 4.429834434382168e-02, -2.057571409021277e-01, 2.110121408919122e-05, 0.000000000000000e+00, 0.000000000000000e+00, 4.372521686725054e+00
5024, 8.696256958486133e-01, -3.367147828183794e-01, 2.089819135735823e-05, 0.000000000000000e+00, 0.000000000000000e+00, 4.327979673417922e+00
5036, 6.619000839533073e-01, -4.730627472290670e-01, 2.086749605090100e-05, 0.000000000000000e+00, 0.000000000000000e+00, 4.321272417248782e+00
5047, 4.921465467283481e-01, -4.999383194672219e-01, 2.085449087996132e-05, 0.000000000000000e+00, 0.000000000000000e+00, 4.318332867843082e+00
5050, 6.469750869550976e-01, -4.779103721562669e-01, 2.086553286356745e-05, 0.000000000000000e+00, 0.000000000000000e+00, 4.320835679205690e+00
5053, 9.090748598086122e-01, 2.875026244620457e-01, 2.090389489285548e-05, 0.000000000000000e+00, 0.000000000000000e+00, 4.329195986698150e+00
5078, 9.969804769890812e-01, 5.486716223484851e-02, 2.091852890398042e-05, 0.000000000000000e+00, 0.000000000000000e+00, 4.332294254027243e+00
5081, 9.178261474021030e-01, -2.746294058310508e-01, 2.090518772428465e-05, 0.000000000000000e+00, 0.000000000000000e+00, 4.329471257992371e+00
5090, 8.362696057951486e-01, -3.700307449636791e-01, 2.089331871532596e-05, 0.000000000000000e+00, 0.000000000000000e+00, 4.326932241012742e+00
5092, 3.986063399175178e-01, 4.896114027420909e-01, 2.086271999576119e-05, 0.000000000000000e+00, 0.000000000000000e+00, 4.320099061280900e+00
5094, 9.861849683537891e-01, 1.167226479601324e-01, 2.091639376474674e-05, 0.000000000000000e+00, 0.000000000000000e+00, 4.331842409494058e+00
5096, 7.057571740878213e-01, 4.557016406722647e-01, 2.087375212448348e-05, 0.000000000000000e+00, 0.000000000000000e+00, 4.322656990567777e+00
5100, 8.590631378179221e-01, 3.479564097129808e-01, 2.089667652398184e-05, 0.000000000000000e+00, 0.000000000000000e+00, 4.327654009647290e+00
5104, 9.984586668680442e-01, 3.922954784511360e-02, 2.091883341015724e-05, 0.000000000000000e+00, 0.000000000000000e+00, 4.332358733006506e+00
5114, 9.950118285593538e-01, 7.045061806914707e-02, 2.091812811591778e-05, 0.000000000000000e+00, 0.000000000000000e+00, 4.332209407083837e+00
5124, 5.392295810854780e-01, 4.984586642519696e-01, 2.085537731635870e-05, 0.000000000000000e+00, 0.000000000000000e+00, 4.318552245937246e+00
5128, 4.988171062396685e-03, 7.045061541142882e-02, 2.115444122367129e-05, 0.000000000000000e+00, 0.000000000000000e+00, 4.384237347723811e+00
